{
    "lr": [
        0.05013,
        0.3007781505584717
    ],
    "run0": {
        "val_categorical_accuracy": 75.00499999920527,
        "best ep nb": 37
    },
    "final": 75.00499999920527,
    "final_std": 0.0
}