{
    "lr": [
        0.05013,
        0.3007781505584717
    ],
    "run0": {
        "val_categorical_accuracy": 75.03499999841054,
        "best ep nb": 49
    },
    "final": 75.03499999841054,
    "final_std": 0.0
}