{
    "lr": [
        0.05846,
        0.3507411479949951
    ],
    "run0": {
        "val_categorical_accuracy": 74.63499999841055,
        "best ep nb": 44
    },
    "final": 74.63499999841055,
    "final_std": 0.0
}