{
    "lr": [
        0.05014,
        0.3008147180080414
    ],
    "run0": {
        "val_categorical_accuracy": 63.981846154469714,
        "best ep nb": 48
    },
    "final": 61.58515384661234,
    "final_std": 2.396692307857368,
    "run1": {
        "val_categorical_accuracy": 59.18846153875498,
        "best ep nb": 1
    }
}