{
    "lr": [
        0.05013,
        0.30076882243156433
    ],
    "run0": {
        "val_categorical_accuracy": 66.78400000047684,
        "best ep nb": 48
    },
    "final": 66.78400000047684,
    "final_std": 0.0
}