{
    "lr": [
        0.04181,
        0.2508455812931061
    ],
    "run0": {
        "val_categorical_accuracy": 64.09938461510953,
        "best ep nb": 48
    },
    "final": 64.09938461510953,
    "final_std": 0.0
}