{
    "lr": [
        0.13342,
        0.8005058765411377
    ],
    "run0": {
        "val_categorical_accuracy": 63.53399999988996,
        "best ep nb": 48
    },
    "final": 63.53399999988996,
    "final_std": 0.0
}