{
    "lr": [
        0.05013,
        0.30076882243156433
    ],
    "run0": {
        "val_categorical_accuracy": 66.89800000143052,
        "best ep nb": 27
    },
    "final": 66.89800000143052,
    "final_std": 0.0
}