{
    "lr": [
        0.05013,
        0.30076882243156433
    ],
    "run0": {
        "val_categorical_accuracy": 66.0659999985695,
        "best ep nb": 24
    },
    "final": 66.0659999985695,
    "final_std": 0.0
}