{
    "lr": [
        0.05846,
        0.3507411479949951
    ],
    "run0": {
        "val_categorical_accuracy": 74.78500000158945,
        "best ep nb": 36
    },
    "final": 74.78500000158945,
    "final_std": 0.0
}