{
    "lr": [
        0.04181,
        0.2508455812931061
    ],
    "run0": {
        "val_categorical_accuracy": 63.945692307197135,
        "best ep nb": 36
    },
    "final": 63.945692307197135,
    "final_std": 0.0
}