{
    "lr": [
        0.04181,
        0.2508455812931061
    ],
    "run0": {
        "val_categorical_accuracy": 63.53215384580538,
        "best ep nb": 47
    },
    "final": 63.53215384580538,
    "final_std": 0.0
}