{
    "lr": [
        0.05846,
        0.3507411479949951
    ],
    "run0": {
        "val_categorical_accuracy": 74.98333333094914,
        "best ep nb": 37
    },
    "final": 74.98333333094914,
    "final_std": 0.0
}