{
    "lr": [
        0.0418,
        0.25080734491348267
    ],
    "run0": {
        "val_categorical_accuracy": 66.25599999952317,
        "best ep nb": 25
    },
    "final": 66.25599999952317,
    "final_std": 0.0
}