{
    "lr": [
        0.15838,
        0.9502974152565002
    ],
    "run0": {
        "val_categorical_accuracy": 74.83166666666666,
        "best ep nb": 40
    }
}