{
    "lr": [
        0.04181,
        0.2508455812931061
    ],
    "run0": {
        "val_categorical_accuracy": 63.70430769151908,
        "best ep nb": 48
    },
    "final": 63.70430769151908,
    "final_std": 0.0
}