{
    "lr": [
        0.14172,
        0.8503449559211731
    ],
    "run0": {
        "val_categorical_accuracy": 66.54999999856949,
        "best ep nb": 44
    }
}